id_odsp,date,league,season,country,ht,at,fthg,ftag,odd_h,odd_d,odd_a
3000,2011/8/5,D1,2012,germany,Borussia Dortmund,Hamburg SV,3,1,1.56,4.41,7.42
3001,2011/8/6,D1,2012,germany,FC Augsburg,SC Freiburg,2,2,2.36,3.6,3.4
3002,2011/8/6,D1,2012,germany,Werder Bremen,Kaiserslautern,2,0,1.83,4.2,4.8
3003,2011/8/6,F1,2012,france,Paris Saint-Germain,Lorient,0,1,1.55,4.5,9.4
3004,2011/8/6,F1,2012,france,Caen,Valenciennes,1,0,2.5,3.4,3.45
3005,2011/8/6,D1,2012,germany,Hertha Berlin,Nurnberg,0,1,2.06,3.75,3.95
3006,2011/8/6,F1,2012,france,Brest,Evian Thonon Gaillard,2,2,2.29,3.25,3.85
3007,2011/8/6,F1,2012,france,AC Ajaccio,Toulouse,0,2,2.8,3.1,3.05
3008,2011/8/6,F1,2012,france,Nice,Lyon,1,3,4.5,3.55,2
3009,2011/8/6,D1,2012,germany,FC Cologne,VfL Wolfsburg,0,3,3,3.8,2.54
3010,2011/8/6,F1,2012,france,AS Nancy Lorraine,Lille,1,1,3.66,3.5,2.42
3011,2011/8/6,F1,2012,france,Montpellier,AJ Auxerre,3,1,2.12,3.3,4.44
3012,2011/8/6,D1,2012,germany,VfB Stuttgart,Schalke 04,3,0,2.31,3.8,3.27
3013,2011/8/6,D1,2012,germany,Hannover 96,TSG Hoffenheim,2,1,2.43,3.75,3.4
3014,2011/8/6,F1,2012,france,Marseille,Sochaux,2,2,1.5,4.4,9
3015,2011/8/7,F1,2012,france,Bordeaux,St Etienne,1,2,1.82,3.65,5.5
3016,2011/8/7,F1,2012,france,Dijon FCO,Stade Rennes,1,5,3.35,3.27,2.5
3017,2011/8/7,D1,2012,germany,Mainz,Bayer Leverkusen,2,0,3.45,3.4,2.5
3018,2011/8/7,D1,2012,germany,Bayern Munich,Borussia Monchengladbach,0,1,1.24,7.4,15
3019,2011/8/13,E0,2012,england,Fulham,Aston Villa,0,0,1.95,3.65,4.51
3020,2011/8/13,E0,2012,england,Newcastle,Arsenal,0,0,3.6,3.55,2.25
3021,2011/8/13,E0,2012,england,QPR,Bolton,0,4,2.2,3.35,4.09
3022,2011/8/13,F1,2012,france,Sochaux,Caen,1,2,2,3.4,4.7
3023,2011/8/13,D1,2012,germany,Schalke 04,FC Cologne,5,1,1.67,4.2,6.14
3024,2011/8/13,F1,2012,france,Lyon,AC Ajaccio,1,1,1.3,5.8,14.58
3025,2011/8/13,D1,2012,germany,TSG Hoffenheim,Borussia Dortmund,1,0,4.9,3.8,1.88
3026,2011/8/13,E0,2012,england,Wigan,Norwich City,1,1,2.5,3.52,3.15
3027,2011/8/13,F1,2012,france,St Etienne,AS Nancy Lorraine,1,0,2.25,3.2,3.95
3028,2011/8/13,D1,2012,germany,Nurnberg,Hannover 96,1,2,1.97,3.9,4.2
3029,2011/8/13,D1,2012,germany,SC Freiburg,Mainz,1,2,3,3.52,2.6
3030,2011/8/13,E0,2012,england,Liverpool,Sunderland,1,1,1.45,4.75,10
3031,2011/8/13,F1,2012,france,Lorient,Bordeaux,1,1,2.6,3.27,3.25
3032,2011/8/13,E0,2012,england,Blackburn,Wolves,1,2,2.58,3.25,3.25
3033,2011/8/13,D1,2012,germany,Hamburg SV,Hertha Berlin,2,2,2.12,3.6,3.98
3034,2011/8/13,D1,2012,germany,Borussia Monchengladbach,VfB Stuttgart,1,1,2.94,3.65,2.6
3035,2011/8/13,F1,2012,france,Stade Rennes,Paris Saint-Germain,1,1,2.66,3.25,3.1
3036,2011/8/13,F1,2012,france,Valenciennes,Brest,0,0,1.99,3.4,4.9
3037,2011/8/13,F1,2012,france,Toulouse,Dijon FCO,2,0,1.68,3.8,7
3038,2011/8/13,D1,2012,germany,VfL Wolfsburg,Bayern Munich,0,1,4.7,3.79,1.95
3039,2011/8/14,F1,2012,france,Lille,Montpellier,0,1,1.6,4,8.19
3040,2011/8/14,E0,2012,england,West Brom,Manchester Utd,1,2,6.2,4,1.69
3041,2011/8/14,F1,2012,france,AJ Auxerre,Marseille,2,2,3.95,3.31,2.24
3042,2011/8/14,F1,2012,france,Evian Thonon Gaillard,Nice,1,0,2.31,3.26,3.75
3043,2011/8/14,D1,2012,germany,Bayer Leverkusen,Werder Bremen,1,0,1.91,4,4.3
3044,2011/8/14,D1,2012,germany,Kaiserslautern,FC Augsburg,1,1,1.94,3.65,4.65
3045,2011/8/14,E0,2012,england,Stoke City,Chelsea,0,0,4.4,3.5,2.04
3046,2011/8/15,E0,2012,england,Manchester City,Swansea,4,0,1.46,4.75,10
3047,2011/8/19,D1,2012,germany,Borussia Monchengladbach,VfL Wolfsburg,4,1,2.88,3.6,2.64
3048,2011/8/20,D1,2012,germany,FC Cologne,Kaiserslautern,1,1,3,3.65,2.54
3049,2011/8/20,E0,2012,england,Chelsea,West Brom,2,1,1.31,6,13.55
3050,2011/8/20,D1,2012,germany,Borussia Dortmund,Nurnberg,2,0,1.36,5.6,10.9
3051,2011/8/20,F1,2012,france,Brest,Lyon,1,1,4,3.3,2.24
3052,2011/8/20,D1,2012,germany,FC Augsburg,TSG Hoffenheim,0,2,3.11,3.6,2.44
3053,2011/8/20,E0,2012,england,Arsenal,Liverpool,0,2,2.37,3.4,3.45
3054,2011/8/20,E0,2012,england,Aston Villa,Blackburn,3,1,1.69,3.8,6.6
3055,2011/8/20,D1,2012,germany,VfB Stuttgart,Bayer Leverkusen,0,1,2.31,3.7,3.3
3056,2011/8/20,E0,2012,england,Swansea,Wigan,0,0,2.04,3.65,4.2
3057,2011/8/20,D1,2012,germany,Bayern Munich,Hamburg SV,5,0,1.26,6.6,16.5
3058,2011/8/20,F1,2012,france,AC Ajaccio,Evian Thonon Gaillard,1,1,2.6,3.3,3.26
3059,2011/8/20,E0,2012,england,Everton,QPR,0,1,1.46,4.59,9.6
3060,2011/8/20,D1,2012,germany,Werder Bremen,SC Freiburg,5,3,1.63,4.3,6.2
3061,2011/8/20,F1,2012,france,Dijon FCO,Lorient,2,0,2.88,3.28,2.9
3062,2011/8/20,F1,2012,france,Caen,Lille,1,2,4.3,3.36,2.1
3063,2011/8/20,F1,2012,france,Bordeaux,AJ Auxerre,1,1,1.89,3.45,5.4
3064,2011/8/20,E0,2012,england,Sunderland,Newcastle,0,1,2.54,3.2,3.4
3065,2011/8/20,F1,2012,france,Nice,Toulouse,1,1,3.1,3.1,2.78
3066,2011/8/21,F1,2012,france,Montpellier,Stade Rennes,4,0,2.4,3.2,4
3067,2011/8/21,E0,2012,england,Wolves,Fulham,2,0,2.76,3.3,2.92
3068,2011/8/21,F1,2012,france,AS Nancy Lorraine,Sochaux,1,2,2.24,3.35,3.9
3069,2011/8/21,F1,2012,france,Paris Saint-Germain,Valenciennes,2,1,1.67,4,7.5
3070,2011/8/21,F1,2012,france,Marseille,St Etienne,0,0,1.6,4.09,7.8
3071,2011/8/21,D1,2012,germany,Hannover 96,Hertha Berlin,1,1,2.31,3.7,3.3
3072,2011/8/21,E0,2012,england,Norwich City,Stoke City,1,1,2.94,3.35,2.74
3073,2011/8/21,E0,2012,england,Bolton,Manchester City,2,3,4.9,3.9,1.85
3074,2011/8/21,D1,2012,germany,Mainz,Schalke 04,2,4,2.46,3.68,3.15
3075,2011/8/22,E0,2012,england,Manchester Utd,Tottenham,3,0,1.61,4.5,6.2
3076,2011/8/26,D1,2012,germany,Hertha Berlin,VfB Stuttgart,1,0,2.4,3.55,3.3
3077,2011/8/27,F1,2012,france,Lyon,Montpellier,2,1,1.72,3.7,6.4
3078,2011/8/27,E0,2012,england,Wigan,QPR,2,0,2.15,3.5,4.2
3079,2011/8/27,D1,2012,germany,SC Freiburg,VfL Wolfsburg,3,0,2.75,3.7,2.79
3080,2011/8/27,F1,2012,france,Valenciennes,Bordeaux,1,2,2.65,3.14,3.35
3081,2011/8/27,SP1,2012,spain,Sporting Gijon,Real Sociedad,1,2,2.08,3.5,4.2
3082,2011/8/27,D1,2012,germany,TSG Hoffenheim,Werder Bremen,1,2,2.36,3.7,3.25
3083,2011/8/27,E0,2012,england,Chelsea,Norwich City,3,1,1.2,8,23
3084,2011/8/27,D1,2012,germany,Kaiserslautern,Bayern Munich,0,3,7.6,4.7,1.52
3085,2011/8/27,D1,2012,germany,Bayer Leverkusen,Borussia Dortmund,0,0,3.4,3.65,2.29
3086,2011/8/27,SP1,2012,spain,Valencia,Racing Santander,4,3,1.41,5.2,9.8
3087,2011/8/27,E0,2012,england,Blackburn,Everton,0,1,3.36,3.35,2.48
3088,2011/8/27,D1,2012,germany,Nurnberg,FC Augsburg,1,0,1.76,4.01,5.45
3089,2011/8/27,F1,2012,france,Lorient,AS Nancy Lorraine,2,1,2.06,3.35,4.5
3090,2011/8/27,D1,2012,germany,Hamburg SV,FC Cologne,3,4,1.75,4.51,5.2
3091,2011/8/27,SP1,2012,spain,Granada,Real Betis,0,1,2.76,3.4,2.88
3092,2011/8/27,F1,2012,france,Evian Thonon Gaillard,Dijon FCO,0,1,1.88,3.65,5.14
3093,2011/8/27,F1,2012,france,Nice,Brest,0,0,2.2,3.2,4.22
3094,2011/8/27,E0,2012,england,Liverpool,Bolton,3,1,1.4,5.3,10
3095,2011/8/27,E0,2012,england,Aston Villa,Wolves,0,0,2.14,3.4,4.09
3096,2011/8/27,F1,2012,france,AJ Auxerre,AC Ajaccio,4,1,1.84,3.55,6.05
3097,2011/8/27,E0,2012,england,Swansea,Sunderland,0,0,2.45,3.5,3.31
3098,2011/8/28,D1,2012,germany,Hannover 96,Mainz,1,1,2.39,3.5,3.4
3099,2011/8/28,F1,2012,france,Sochaux,St Etienne,2,1,2.72,3.2,3.13
3100,2011/8/28,D1,2012,germany,Schalke 04,Borussia Monchengladbach,1,0,1.75,4,5.4
3101,2011/8/28,E0,2012,england,Manchester Utd,Arsenal,8,2,1.4,5.5,9.19
3102,2011/8/28,SP1,2012,spain,Real Zaragoza,Real Madrid,0,6,12.33,6.2,1.3
3103,2011/8/28,E0,2012,england,Newcastle,Fulham,2,1,2.36,3.25,3.65
3104,2011/8/28,F1,2012,france,Toulouse,Paris Saint-Germain,1,3,3.1,3.3,2.6
3105,2011/8/28,F1,2012,france,Stade Rennes,Caen,3,2,1.83,3.4,6
3106,2011/8/28,E0,2012,england,West Brom,Stoke City,0,1,2.4,3.4,3.4
3107,2011/8/28,E0,2012,england,Tottenham,Manchester City,1,5,3.15,3.48,2.54
3108,2011/8/28,SP1,2012,spain,Sevilla,Malaga,2,1,2.24,3.65,3.53
3109,2011/8/28,SP1,2012,spain,Athletic Bilbao,Rayo Vallecano,1,1,1.64,4,6.8
3110,2011/8/28,SP1,2012,spain,Getafe,Levante,1,1,2.16,3.4,4.2
3111,2011/8/28,F1,2012,france,Lille,Marseille,3,2,2.24,3.3,3.95
3112,2011/8/28,SP1,2012,spain,Atletico Madrid,Osasuna,0,0,1.82,3.7,5.5
3113,2011/8/28,SP1,2012,spain,Mallorca,Espanyol,1,0,2.27,3.4,3.8
3114,2011/8/29,SP1,2012,spain,Barcelona,Villarreal,5,0,1.18,8.8,21
3115,2011/9/9,D1,2012,germany,FC Augsburg,Bayer Leverkusen,1,4,4.34,3.65,2
3116,2011/9/9,I1,2012,italy,AC Milan,Lazio,2,2,1.64,3.85,7.4
3117,2011/9/10,E0,2012,england,Wolves,Tottenham,0,2,2.8,3.64,2.74
3118,2011/9/10,D1,2012,germany,Borussia Monchengladbach,Kaiserslautern,1,0,1.83,3.9,5
3119,2011/9/10,F1,2012,france,Dijon FCO,Lyon,1,2,5.65,3.55,1.84
3120,2011/9/10,SP1,2012,spain,Valencia,Atletico Madrid,1,0,1.97,3.95,4.09
3121,2011/9/10,SP1,2012,spain,Real Madrid,Getafe,4,2,1.09,14.2,37.6
3122,2011/9/10,F1,2012,france,St Etienne,Lille,1,3,3.65,3.15,2.44
3123,2011/9/10,F1,2012,france,Caen,Toulouse,0,1,2.64,3.13,3.25
3124,2011/9/10,F1,2012,france,Sochaux,Lorient,1,1,2.54,3.19,3.4
3125,2011/9/10,E0,2012,england,Bolton,Manchester Utd,0,5,9.41,5.5,1.39
3126,2011/9/10,D1,2012,germany,Borussia Dortmund,Hertha Berlin,1,2,1.45,4.9,9.19
3127,2011/9/10,F1,2012,france,AC Ajaccio,Valenciennes,3,1,3.31,3,2.76
3128,2011/9/10,F1,2012,france,Marseille,Stade Rennes,0,1,1.7,3.9,6.99
3129,2011/9/10,D1,2012,germany,Bayern Munich,SC Freiburg,7,0,1.18,9.6,19
3130,2011/9/10,SP1,2012,spain,Villarreal,Sevilla,2,2,2.54,3.6,3.26
3131,2011/9/10,E0,2012,england,Arsenal,Swansea,1,0,1.42,4.8,10.25
3132,2011/9/10,D1,2012,germany,VfB Stuttgart,Hannover 96,3,0,1.85,3.95,4.7
3133,2011/9/10,E0,2012,england,Stoke City,Liverpool,1,0,4,3.49,2.16
3134,2011/9/10,D1,2012,germany,Werder Bremen,Hamburg SV,2,0,1.74,4.2,5.3
3135,2011/9/10,E0,2012,england,Sunderland,Chelsea,1,2,6,4,1.69
3136,2011/9/10,SP1,2012,spain,Real Sociedad,Barcelona,2,2,15.51,7.2,1.25
3137,2011/9/10,D1,2012,germany,Mainz,TSG Hoffenheim,0,4,2.16,3.65,3.8
3138,2011/9/10,E0,2012,england,Manchester City,Wigan,3,0,1.2,8.19,19
3139,2011/9/10,F1,2012,france,Bordeaux,Evian Thonon Gaillard,0,0,1.7,3.85,6.6
3140,2011/9/10,E0,2012,england,Everton,Aston Villa,2,2,2.02,3.55,4.59
3141,2011/9/10,I1,2012,italy,Cesena,Napoli,1,3,4.2,3.37,2.12
3142,2011/9/11,SP1,2012,spain,Osasuna,Sporting Gijon,2,1,2.08,3.45,4.3
3143,2011/9/11,F1,2012,france,AS Nancy Lorraine,AJ Auxerre,0,0,3.1,3.06,3.09
3144,2011/9/11,I1,2012,italy,Palermo,Internazionale,4,3,4,3.45,2.16
3145,2011/9/11,E0,2012,england,Norwich City,West Brom,0,1,2.96,3.48,2.86
3146,2011/9/11,SP1,2012,spain,Espanyol,Athletic Bilbao,2,1,2.48,3.45,3.2
3147,2011/9/11,E0,2012,england,Fulham,Blackburn,1,1,1.73,4,5.77
3148,2011/9/11,I1,2012,italy,Chievo Verona,Novara,2,2,1.86,3.65,5.3
3149,2011/9/11,SP1,2012,spain,Racing Santander,Levante,0,0,2.41,3.46,3.46
3150,2011/9/11,D1,2012,germany,VfL Wolfsburg,Schalke 04,2,1,3.56,3.9,2.73
3151,2011/9/11,I1,2012,italy,Juventus,Parma,4,1,1.79,4.18,7.66
3152,2011/9/11,SP1,2012,spain,Real Betis,Mallorca,1,0,1.89,4,5.4
3153,2011/9/11,I1,2012,italy,Lecce,Udinese,0,2,3.25,3.46,2.46
3154,2011/9/11,F1,2012,france,Montpellier,Nice,1,0,1.79,3.7,6.8
3155,2011/9/11,SP1,2012,spain,Rayo Vallecano,Real Zaragoza,0,0,2.15,3.65,3.75
3156,2011/9/11,I1,2012,italy,Catania,Siena,0,0,2.27,3.18,4
3157,2011/9/11,I1,2012,italy,AS Roma,Cagliari,1,2,1.77,4.03,7.14
3158,2011/9/11,D1,2012,germany,FC Cologne,Nurnberg,1,2,2.84,3.64,2.9
3159,2011/9/11,I1,2012,italy,Fiorentina,Bologna,2,0,1.68,3.7,7.4
3160,2011/9/11,F1,2012,france,Paris Saint-Germain,Brest,1,0,1.37,5.4,14.16
3161,2011/9/11,I1,2012,italy,Genoa,Atalanta,2,2,1.89,3.55,5.2
3162,2011/9/12,SP1,2012,spain,Malaga,Granada,4,0,1.53,4.5,7.6
3163,2011/9/12,E0,2012,england,QPR,Newcastle,0,0,2.54,3.34,3.25
3164,2011/9/16,D1,2012,germany,SC Freiburg,VfB Stuttgart,1,2,3.8,3.83,2.08
3165,2011/9/17,E0,2012,england,Everton,Wigan,3,1,1.53,4.4,8.5
3166,2011/9/17,E0,2012,england,Aston Villa,Newcastle,1,1,1.95,3.55,4.8
3167,2011/9/17,SP1,2012,spain,Mallorca,Malaga,0,1,3.15,3.45,2.54
3168,2011/9/17,E0,2012,england,Swansea,West Brom,3,0,2.86,3.35,2.84
3169,2011/9/17,SP1,2012,spain,Sevilla,Real Sociedad,1,0,1.56,4.41,7.2
3170,2011/9/17,F1,2012,france,Nice,AC Ajaccio,3,0,2.02,3.4,4.8
3171,2011/9/17,SP1,2012,spain,Sporting Gijon,Valencia,0,1,3.65,3.5,2.25
3172,2011/9/17,F1,2012,france,Valenciennes,Dijon FCO,4,0,1.79,3.55,6
3173,2011/9/17,D1,2012,germany,Nurnberg,Werder Bremen,1,1,2.74,3.75,2.7
3174,2011/9/17,I1,2012,italy,Internazionale,AS Roma,0,0,1.97,3.76,4.42
3175,2011/9/17,I1,2012,italy,Cagliari,Novara,2,1,1.68,3.8,7
3176,2011/9/17,SP1,2012,spain,Barcelona,Osasuna,8,0,1.1,13,35
3177,2011/9/17,E0,2012,england,Wolves,QPR,0,3,2.2,3.4,3.95
3178,2011/9/17,SP1,2012,spain,Granada,Villarreal,1,0,2.82,3.4,2.89
3179,2011/9/17,F1,2012,france,Lille,Sochaux,2,2,1.46,4.59,9.6
3180,2011/9/17,E0,2012,england,Bolton,Norwich City,1,2,1.88,3.75,4.9
3181,2011/9/17,D1,2012,germany,Bayer Leverkusen,FC Cologne,1,4,1.41,5.43,9.4
3182,2011/9/17,D1,2012,germany,TSG Hoffenheim,VfL Wolfsburg,3,1,1.97,3.95,4.13
3183,2011/9/17,F1,2012,france,Toulouse,Bordeaux,3,2,2.58,3.17,3.35
3184,2011/9/17,F1,2012,france,Lorient,St Etienne,3,0,2.06,3.3,4.7
3185,2011/9/17,D1,2012,germany,Hamburg SV,Borussia Monchengladbach,0,1,2.6,3.65,2.88
3186,2011/9/17,F1,2012,france,Brest,Montpellier,2,2,3.1,3.08,2.84
3187,2011/9/17,E0,2012,england,Blackburn,Arsenal,4,3,4,3.7,2.12
3188,2011/9/17,D1,2012,germany,Kaiserslautern,Mainz,3,1,2.96,3.51,2.62
3189,2011/9/17,D1,2012,germany,Hertha Berlin,FC Augsburg,2,2,1.59,4.37,7
3190,2011/9/17,F1,2012,france,AJ Auxerre,Caen,1,1,1.9,3.47,5.3
3191,2011/9/18,I1,2012,italy,Bologna,Lecce,0,2,2,3.35,4.8
3192,2011/9/18,F1,2012,france,Evian Thonon Gaillard,Paris Saint-Germain,2,2,4.3,3.35,2.1
3193,2011/9/18,SP1,2012,spain,Real Zaragoza,Espanyol,2,1,2.44,3.3,3.4
3194,2011/9/18,D1,2012,germany,Schalke 04,Bayern Munich,0,2,4.76,3.95,1.85
3195,2011/9/18,I1,2012,italy,Udinese,Fiorentina,2,0,2.31,3.29,3.75
3196,2011/9/18,E0,2012,england,Tottenham,Liverpool,4,0,2.94,3.43,2.7
3197,2011/9/18,E0,2012,england,Manchester Utd,Chelsea,3,1,2.06,3.61,4.09
3198,2011/9/18,E0,2012,england,Sunderland,Stoke City,4,0,2.48,3.25,3.4
3199,2011/9/18,E0,2012,england,Fulham,Manchester City,2,2,5.3,3.85,1.81
3200,2011/9/18,I1,2012,italy,Parma,Chievo Verona,2,1,2.34,3.2,3.9
3201,2011/9/18,SP1,2012,spain,Getafe,Rayo Vallecano,0,1,1.98,3.65,4.4
3202,2011/9/18,D1,2012,germany,Hannover 96,Borussia Dortmund,2,1,4.59,4.04,1.9
3203,2011/9/18,I1,2012,italy,Napoli,AC Milan,3,1,2.6,3.3,3.25
3204,2011/9/18,I1,2012,italy,Atalanta,Palermo,1,0,2.27,3.52,3.6
3205,2011/9/18,F1,2012,france,Lyon,Marseille,2,0,2.4,3.3,3.6
3206,2011/9/18,I1,2012,italy,Lazio,Genoa,1,2,1.95,3.4,5
3207,2011/9/18,SP1,2012,spain,Athletic Bilbao,Real Betis,2,3,2.04,3.5,4.4
3208,2011/9/18,F1,2012,france,Stade Rennes,AS Nancy Lorraine,1,1,1.74,3.6,6.6
3209,2011/9/18,I1,2012,italy,Siena,Juventus,0,1,4.2,3.15,2.24
3210,2011/9/18,SP1,2012,spain,Atletico Madrid,Racing Santander,4,0,1.46,4.9,8.6
3211,2011/9/18,SP1,2012,spain,Levante,Real Madrid,1,0,13,6.5,1.3
3212,2011/9/18,I1,2012,italy,Catania,Cesena,1,0,1.88,3.57,5.3
3213,2011/9/20,SP1,2012,spain,Real Sociedad,Granada,1,0,2.1,3.7,3.9
3214,2011/9/20,SP1,2012,spain,Villarreal,Mallorca,2,0,1.75,3.95,5.8
3215,2011/9/20,SP1,2012,spain,Osasuna,Sevilla,0,0,2.88,3.5,2.69
3216,2011/9/20,F1,2012,france,Bordeaux,Lille,1,1,2.88,3.25,2.84
3217,2011/9/20,I1,2012,italy,Novara,Internazionale,3,1,5.5,3.5,1.89
3218,2011/9/21,SP1,2012,spain,Valencia,Barcelona,2,2,8.19,5,1.47
3219,2011/9/21,I1,2012,italy,Genoa,Catania,3,0,1.96,3.42,5
3220,2011/9/21,F1,2012,france,Lorient,AJ Auxerre,1,1,2.06,3.3,4.59
3221,2011/9/21,F1,2012,france,St Etienne,Toulouse,1,1,2.64,3.07,3.35
3222,2011/9/21,I1,2012,italy,Palermo,Cagliari,3,2,2.25,3.3,3.9
3223,2011/9/21,SP1,2012,spain,Atletico Madrid,Sporting Gijon,4,0,1.42,5.09,9.6
3224,2011/9/21,I1,2012,italy,Cesena,Lazio,1,2,3.55,3.36,2.35
3225,2011/9/21,F1,2012,france,AC Ajaccio,Montpellier,1,3,4.19,3.41,2.12
3226,2011/9/21,I1,2012,italy,AC Milan,Udinese,1,1,1.72,3.8,6.49
3227,2011/9/21,SP1,2012,spain,Racing Santander,Real Madrid,0,0,17.72,8.6,1.2
3228,2011/9/21,I1,2012,italy,Juventus,Bologna,1,1,1.32,5.58,14.2
3229,2011/9/21,F1,2012,france,Marseille,Evian Thonon Gaillard,2,0,1.44,4.9,10.3
3230,2011/9/21,SP1,2012,spain,Malaga,Athletic Bilbao,1,0,1.68,4.09,6.2
3231,2011/9/21,I1,2012,italy,Chievo Verona,Napoli,1,0,3.2,3.1,2.74
3232,2011/9/21,F1,2012,france,Paris Saint-Germain,Nice,2,1,1.44,4.7,10
3233,2011/9/21,SP1,2012,spain,Rayo Vallecano,Levante,1,2,2.25,3.31,3.92
3234,2011/9/21,I1,2012,italy,Fiorentina,Parma,3,0,1.72,3.7,6.73
3235,2011/9/21,F1,2012,france,AS Nancy Lorraine,Valenciennes,1,1,2.7,3.05,3.2
3236,2011/9/21,F1,2012,france,Sochaux,Stade Rennes,2,6,2.5,3.39,3.25
3237,2011/9/21,F1,2012,france,Dijon FCO,Brest,1,0,2.6,3.15,3.25
3238,2011/9/21,I1,2012,italy,Lecce,Atalanta,1,2,2.58,3.2,3.35
3239,2011/9/21,F1,2012,france,Caen,Lyon,1,0,4.09,3.25,2.24
3240,2011/9/22,SP1,2012,spain,Real Betis,Real Zaragoza,4,3,1.7,4.09,6
3241,2011/9/22,I1,2012,italy,AS Roma,Siena,1,1,1.63,4,7.4
3242,2011/9/22,SP1,2012,spain,Espanyol,Getafe,1,0,2.46,3.35,3.37
3243,2011/9/23,D1,2012,germany,VfB Stuttgart,Hamburg SV,1,2,1.56,5,6.23
3244,2011/9/24,F1,2012,france,Nice,Dijon FCO,1,1,1.88,3.4,5.5
3245,2011/9/24,I1,2012,italy,AC Milan,Cesena,1,0,1.37,5.3,12
3246,2011/9/24,E0,2012,england,Arsenal,Bolton,3,0,1.4,5.4,10.5
3247,2011/9/24,F1,2012,france,Lyon,Bordeaux,3,1,2.04,3.4,4.59
3248,2011/9/24,E0,2012,england,West Brom,Fulham,0,0,2.2,3.42,3.94
3249,2011/9/24,D1,2012,germany,Mainz,Borussia Dortmund,1,2,4.2,3.82,1.99
3250,2011/9/24,F1,2012,france,Evian Thonon Gaillard,Caen,2,4,2.25,3.35,3.9
3251,2011/9/24,F1,2012,france,Toulouse,AS Nancy Lorraine,1,0,1.75,3.55,6.8
3252,2011/9/24,E0,2012,england,Stoke City,Manchester Utd,1,1,6,3.9,1.72
3253,2011/9/24,I1,2012,italy,Napoli,Fiorentina,0,0,1.96,3.4,5.09
3254,2011/9/24,E0,2012,england,Newcastle,Blackburn,3,1,1.96,3.55,4.76
3255,2011/9/24,F1,2012,france,Lille,Lorient,1,1,1.7,3.75,6.8
3256,2011/9/24,D1,2012,germany,FC Augsburg,Hannover 96,0,0,2.9,3.62,2.7
3257,2011/9/24,SP1,2012,spain,Athletic Bilbao,Villarreal,1,1,2.29,3.6,3.51
3258,2011/9/24,E0,2012,england,Wigan,Tottenham,1,2,5.2,3.75,1.81
3259,2011/9/24,F1,2012,france,Valenciennes,Marseille,1,1,3.36,3.2,2.56
3260,2011/9/24,D1,2012,germany,Bayern Munich,Bayer Leverkusen,3,0,1.32,6,12
3261,2011/9/24,F1,2012,france,Montpellier,Paris Saint-Germain,0,3,2.7,3.35,2.98
3262,2011/9/24,SP1,2012,spain,Real Madrid,Rayo Vallecano,6,2,1.14,10.19,26.84
3263,2011/9/24,E0,2012,england,Manchester City,Everton,2,0,1.51,4.8,8.19
3264,2011/9/24,E0,2012,england,Liverpool,Wolves,2,1,1.39,5.09,10.28
3265,2011/9/24,E0,2012,england,Chelsea,Swansea,4,1,1.22,7.2,19.98
3266,2011/9/24,I1,2012,italy,Bologna,Internazionale,1,3,4.59,3.35,2.04
3267,2011/9/24,D1,2012,germany,Borussia Monchengladbach,Nurnberg,1,0,2.24,3.6,3.6
3268,2011/9/24,SP1,2012,spain,Barcelona,Atletico Madrid,5,0,1.23,8.22,14
3269,2011/9/24,D1,2012,germany,VfL Wolfsburg,Kaiserslautern,1,0,1.88,3.95,4.73
3270,2011/9/24,D1,2012,germany,Schalke 04,SC Freiburg,4,2,1.49,5.09,7.5
3271,2011/9/24,SP1,2012,spain,Sevilla,Valencia,1,0,2.25,3.5,3.82
3272,2011/9/25,E0,2012,england,QPR,Aston Villa,1,1,2.14,3.35,4.09
3273,2011/9/25,I1,2012,italy,Catania,Juventus,1,1,4.3,3.25,2.18
3274,2011/9/25,I1,2012,italy,Cagliari,Udinese,0,0,2.6,3.36,3.16
3275,2011/9/25,SP1,2012,spain,Sporting Gijon,Racing Santander,0,0,2.14,3.4,4.12
3276,2011/9/25,SP1,2012,spain,Granada,Osasuna,1,1,2.38,3.35,3.45
3277,2011/9/25,D1,2012,germany,Werder Bremen,Hertha Berlin,2,1,1.96,4,4.2
3278,2011/9/25,D1,2012,germany,FC Cologne,TSG Hoffenheim,2,0,3.4,3.85,2.22
3279,2011/9/25,F1,2012,france,Stade Rennes,St Etienne,1,1,1.76,3.65,6
3280,2011/9/25,I1,2012,italy,Siena,Lecce,3,0,1.85,3.6,5.4
3281,2011/9/25,I1,2012,italy,Lazio,Palermo,0,0,1.78,3.9,5.3
3282,2011/9/25,I1,2012,italy,Atalanta,Novara,2,1,2,3.3,5.03
3283,2011/9/25,F1,2012,france,AJ Auxerre,Sochaux,4,1,2.08,3.35,4.4
3284,2011/9/25,SP1,2012,spain,Real Zaragoza,Malaga,0,0,3.55,3.6,2.25
3285,2011/9/25,I1,2012,italy,Chievo Verona,Genoa,2,1,2.7,3.24,3.1
3286,2011/9/25,SP1,2012,spain,Levante,Espanyol,3,1,2.18,3.35,4
3287,2011/9/25,I1,2012,italy,Parma,AS Roma,0,1,3.05,3.35,2.64
3288,2011/9/25,F1,2012,france,Brest,AC Ajaccio,1,1,1.78,3.56,6
3289,2011/9/25,SP1,2012,spain,Mallorca,Real Sociedad,2,1,2.24,3.46,3.7
3290,2011/9/26,E0,2012,england,Norwich City,Sunderland,2,1,2.5,3.4,3.25
3291,2011/9/26,SP1,2012,spain,Getafe,Real Betis,1,0,2.4,3.53,3.3
3292,2011/9/30,D1,2012,germany,Kaiserslautern,VfB Stuttgart,0,2,3.1,3.5,2.5
3293,2011/10/1,E0,2012,england,Manchester Utd,Norwich City,2,0,1.18,9.19,20.73
3294,2011/10/1,D1,2012,germany,Borussia Dortmund,FC Augsburg,4,0,1.28,6.49,14.62
3295,2011/10/1,SP1,2012,spain,Malaga,Getafe,3,2,1.62,4.22,6.6
3296,2011/10/1,D1,2012,germany,Hertha Berlin,FC Cologne,3,0,1.88,4.11,4.47
3297,2011/10/1,D1,2012,germany,Nurnberg,Mainz,3,3,1.96,3.7,4.4
3298,2011/10/1,E0,2012,england,Blackburn,Manchester City,0,4,8.6,5,1.47
3299,2011/10/1,D1,2012,germany,SC Freiburg,Borussia Monchengladbach,1,0,2.94,3.7,2.54
3300,2011/10/1,SP1,2012,spain,Racing Santander,Rayo Vallecano,1,1,2.72,3.25,3.05
3301,2011/10/1,F1,2012,france,Caen,Nice,1,1,2.29,3.28,3.8
3302,2011/10/1,E0,2012,england,Everton,Liverpool,0,2,3.15,3.15,2.72
3303,2011/10/1,F1,2012,france,St Etienne,AJ Auxerre,1,1,2.44,3.25,3.46
3304,2011/10/1,SP1,2012,spain,Osasuna,Mallorca,2,2,1.98,3.65,4.55
3305,2011/10/1,F1,2012,france,Dijon FCO,AC Ajaccio,1,1,2.02,3.38,4.8
3306,2011/10/1,D1,2012,germany,Bayer Leverkusen,VfL Wolfsburg,3,1,1.82,3.95,4.9
3307,2011/10/1,E0,2012,england,Wolves,Newcastle,1,2,2.58,3.4,3.1
3308,2011/10/1,I1,2012,italy,AS Roma,Atalanta,3,1,1.71,3.9,6.25
3309,2011/10/1,SP1,2012,spain,Valencia,Granada,1,0,1.32,6,12.88
3310,2011/10/1,F1,2012,france,Lorient,Valenciennes,2,0,2.18,3.2,4.4
3311,2011/10/1,SP1,2012,spain,Villarreal,Real Zaragoza,2,2,1.71,4.09,5.77
3312,2011/10/1,D1,2012,germany,TSG Hoffenheim,Bayern Munich,0,0,7.4,4.9,1.5
3313,2011/10/1,F1,2012,france,Sochaux,Toulouse,3,0,2.78,3.2,3
3314,2011/10/1,F1,2012,france,AS Nancy Lorraine,Evian Thonon Gaillard,1,1,2.52,3.15,3.5
3315,2011/10/1,E0,2012,england,Sunderland,West Brom,2,2,2.25,3.45,3.65
3316,2011/10/1,F1,2012,france,Bordeaux,Montpellier,2,2,2.2,3.2,4.09
3317,2011/10/1,E0,2012,england,Aston Villa,Wigan,2,0,1.72,3.78,6.5
3318,2011/10/1,I1,2012,italy,Internazionale,Napoli,0,3,2.16,3.36,4.2
3319,2011/10/2,SP1,2012,spain,Sporting Gijon,Barcelona,0,1,21.08,8.4,1.19
3320,2011/10/2,E0,2012,england,Swansea,Stoke City,2,0,2.62,3.27,3.15
3321,2011/10/2,SP1,2012,spain,Espanyol,Real Madrid,0,4,9.6,5.5,1.42
3322,2011/10/2,E0,2012,england,Bolton,Chelsea,1,5,10,4.82,1.42
3323,2011/10/2,SP1,2012,spain,Real Sociedad,Athletic Bilbao,1,2,2.72,3.4,3
3324,2011/10/2,E0,2012,england,Tottenham,Arsenal,2,1,2.14,3.56,3.95
3325,2011/10/2,SP1,2012,spain,Atletico Madrid,Sevilla,0,0,1.83,4,4.86
3326,2011/10/2,I1,2012,italy,Lecce,Cagliari,0,2,2.9,3.2,2.86
3327,2011/10/2,D1,2012,germany,Hamburg SV,Schalke 04,1,2,3,3.76,2.48
3328,2011/10/2,D1,2012,germany,Hannover 96,Werder Bremen,3,2,2.68,3.65,2.78
3329,2011/10/2,I1,2012,italy,Novara,Catania,3,3,2.2,3.25,4.09
3330,2011/10/2,SP1,2012,spain,Real Betis,Levante,0,1,1.87,3.75,4.91
3331,2011/10/2,I1,2012,italy,Juventus,AC Milan,2,0,2.76,3.27,2.98
3332,2011/10/2,E0,2012,england,Fulham,QPR,6,0,2.06,3.6,4.04
3333,2011/10/2,F1,2012,france,Lille,Stade Rennes,2,0,1.72,3.8,6.15
3334,2011/10/2,I1,2012,italy,Fiorentina,Lazio,1,2,2.24,3.35,3.9
3335,2011/10/2,I1,2012,italy,Udinese,Bologna,2,0,1.46,4.59,9.6
3336,2011/10/2,F1,2012,france,Marseille,Brest,1,1,1.4,5.2,10.17
3337,2011/10/2,I1,2012,italy,Palermo,Siena,2,0,2.02,3.45,4.5
3338,2011/10/2,I1,2012,italy,Cesena,Chievo Verona,0,0,2.94,3.06,3
3339,2011/10/2,F1,2012,france,Paris Saint-Germain,Lyon,2,0,2.25,3.5,3.6
3340,2011/10/2,I1,2012,italy,Parma,Genoa,3,1,2.8,3.2,2.96
3341,2011/10/14,D1,2012,germany,Werder Bremen,Borussia Dortmund,0,2,3.65,3.75,2.16
3342,2011/10/15,E0,2012,england,Wigan,Bolton,1,3,2.58,3.35,3.15
3343,2011/10/15,I1,2012,italy,Napoli,Parma,1,2,1.5,4.4,9
3344,2011/10/15,SP1,2012,spain,Barcelona,Racing Santander,3,0,1.06,18,45.69
3345,2011/10/15,F1,2012,france,Montpellier,Dijon FCO,5,3,1.61,3.95,8
3346,2011/10/15,D1,2012,germany,Borussia Monchengladbach,Bayer Leverkusen,2,2,2.74,3.55,2.82
3347,2011/10/15,D1,2012,germany,VfB Stuttgart,TSG Hoffenheim,2,0,2.36,3.6,3.4
3348,2011/10/15,E0,2012,england,Chelsea,Everton,3,1,1.37,5.3,11.5
3349,2011/10/15,SP1,2012,spain,Real Madrid,Real Betis,4,1,1.19,9,19
3350,2011/10/15,F1,2012,france,Brest,Caen,1,1,2.25,3.16,4
3351,2011/10/15,D1,2012,germany,Schalke 04,Kaiserslautern,1,2,1.6,4.22,7
3352,2011/10/15,F1,2012,france,Lyon,AS Nancy Lorraine,3,1,1.43,4.8,9.61
3353,2011/10/15,E0,2012,england,Liverpool,Manchester Utd,1,1,2.8,3.2,3
3354,2011/10/15,D1,2012,germany,VfL Wolfsburg,Nurnberg,2,1,2.4,3.56,3.36
3355,2011/10/15,SP1,2012,spain,Getafe,Villarreal,0,0,2.42,3.55,3.2
3356,2011/10/15,F1,2012,france,AJ Auxerre,Lille,1,3,3.2,3.1,2.86
3357,2011/10/15,F1,2012,france,Nice,Bordeaux,3,0,2.86,3.25,2.86
3358,2011/10/15,SP1,2012,spain,Mallorca,Valencia,1,1,3.75,3.51,2.22
3359,2011/10/15,D1,2012,germany,Bayern Munich,Hertha Berlin,4,0,1.23,7.6,17
3360,2011/10/15,I1,2012,italy,Catania,Internazionale,2,1,3.25,3.21,2.68
3361,2011/10/15,F1,2012,france,Toulouse,Marseille,0,0,3.04,3.18,2.8
3362,2011/10/15,E0,2012,england,QPR,Blackburn,1,1,2.16,3.5,3.95
3363,2011/10/15,E0,2012,england,Stoke City,Fulham,2,0,2.5,3.3,3.34
3364,2011/10/15,D1,2012,germany,Mainz,FC Augsburg,0,1,1.68,4.09,6
3365,2011/10/15,I1,2012,italy,AC Milan,Palermo,3,0,1.47,4.8,8.6
3366,2011/10/15,SP1,2012,spain,Granada,Atletico Madrid,0,0,4.2,3.65,2
3367,2011/10/15,F1,2012,france,Evian Thonon Gaillard,St Etienne,1,2,2.96,3.1,2.94
3368,2011/10/15,E0,2012,england,Norwich City,Swansea,3,1,2.14,3.4,4.2
3369,2011/10/15,E0,2012,england,Manchester City,Aston Villa,4,1,1.35,5.5,12
3370,2011/10/16,I1,2012,italy,Lazio,AS Roma,2,1,2.56,3.35,3.15
3371,2011/10/16,I1,2012,italy,Cagliari,Siena,0,0,1.95,3.46,5.5
3372,2011/10/16,SP1,2012,spain,Real Zaragoza,Real Sociedad,2,0,2.12,3.5,4.01
3373,2011/10/16,E0,2012,england,Newcastle,Tottenham,2,2,3.13,3.56,2.5
3374,2011/10/16,I1,2012,italy,Genoa,Lecce,0,0,1.58,4.2,7.54
3375,2011/10/16,SP1,2012,spain,Levante,Malaga,3,0,3,3.3,2.71
3376,2011/10/16,D1,2012,germany,SC Freiburg,Hamburg SV,1,2,2.34,3.75,3.2
3377,2011/10/16,I1,2012,italy,Chievo Verona,Juventus,0,0,4.91,3.2,2.02
3378,2011/10/16,E0,2012,england,Arsenal,Sunderland,2,1,1.44,5,9
3379,2011/10/16,D1,2012,germany,FC Cologne,Hannover 96,2,0,2.8,3.65,2.69
3380,2011/10/16,SP1,2012,spain,Sevilla,Sporting Gijon,2,1,1.45,4.7,9.8
3381,2011/10/16,I1,2012,italy,Novara,Bologna,0,2,1.94,3.69,4.8
3382,2011/10/16,E0,2012,england,West Brom,Wolves,2,0,2.14,3.35,4.09
3383,2011/10/16,SP1,2012,spain,Rayo Vallecano,Espanyol,0,1,2.18,3.45,3.85
3384,2011/10/16,F1,2012,france,AC Ajaccio,Paris Saint-Germain,1,3,7.49,4,1.62
3385,2011/10/16,I1,2012,italy,Atalanta,Udinese,0,0,3.05,3.2,2.74
3386,2011/10/16,I1,2012,italy,Cesena,Fiorentina,0,0,3.5,3.2,2.48
3387,2011/10/16,F1,2012,france,Stade Rennes,Lorient,2,0,2.14,3.25,4.4
3388,2011/10/16,F1,2012,france,Valenciennes,Sochaux,3,0,2,3.5,4.76
3389,2011/10/17,SP1,2012,spain,Athletic Bilbao,Osasuna,3,1,1.72,3.95,6
3390,2011/10/21,D1,2012,germany,FC Augsburg,Werder Bremen,1,1,4.4,4,1.91
3391,2011/10/22,F1,2012,france,Sochaux,Evian Thonon Gaillard,1,1,2.02,3.35,4.7
3392,2011/10/22,F1,2012,france,Bordeaux,Brest,1,1,1.83,3.45,5.7
3393,2011/10/22,D1,2012,germany,Nurnberg,VfB Stuttgart,2,2,2.58,3.7,2.88
3394,2011/10/22,D1,2012,germany,Kaiserslautern,SC Freiburg,1,0,2.12,3.75,3.8
3395,2011/10/22,SP1,2012,spain,Barcelona,Sevilla,0,0,1.14,9.74,26
3396,2011/10/22,E0,2012,england,Newcastle,Wigan,1,0,1.6,4.2,7
3397,2011/10/22,SP1,2012,spain,Malaga,Real Madrid,0,4,7.5,5,1.5
3398,2011/10/22,E0,2012,england,Bolton,Sunderland,0,2,2.38,3.49,3.35
3399,2011/10/22,SP1,2012,spain,Sporting Gijon,Granada,2,0,1.91,3.6,4.94
3400,2011/10/22,D1,2012,germany,Hertha Berlin,Mainz,0,0,2.16,3.7,3.7
3401,2011/10/22,E0,2012,england,Aston Villa,West Brom,1,2,2.25,3.34,3.9
3402,2011/10/22,D1,2012,germany,Borussia Dortmund,FC Cologne,5,0,1.33,6.2,11.01
3403,2011/10/22,F1,2012,france,Marseille,AC Ajaccio,2,0,1.29,5.8,15.15
3404,2011/10/22,F1,2012,france,St Etienne,Valenciennes,1,0,2.24,3.1,4.3
3405,2011/10/22,I1,2012,italy,Fiorentina,Catania,2,2,1.84,3.55,5.8
3406,2011/10/22,D1,2012,germany,Hamburg SV,VfL Wolfsburg,1,1,2.24,3.7,3.72
3407,2011/10/22,F1,2012,france,Lorient,Toulouse,0,0,2.14,3.14,4.59
3408,2011/10/22,I1,2012,italy,Juventus,Genoa,2,2,1.56,4.2,8.47
3409,2011/10/22,D1,2012,germany,TSG Hoffenheim,Borussia Monchengladbach,1,0,2.15,3.5,3.95
3410,2011/10/22,E0,2012,england,Liverpool,Norwich City,1,1,1.31,6,13.09
3411,2011/10/22,SP1,2012,spain,Racing Santander,Espanyol,0,1,2.72,3.3,3
3412,2011/10/22,F1,2012,france,Caen,Montpellier,1,3,2.9,3.13,3.07
3413,2011/10/22,F1,2012,france,AS Nancy Lorraine,Nice,1,0,2.44,3.19,3.6
3414,2011/10/22,E0,2012,england,Wolves,Swansea,2,2,2.08,3.46,4.18
3415,2011/10/23,I1,2012,italy,Siena,Cesena,2,0,1.93,3.4,5.2
3416,2011/10/23,E0,2012,england,Fulham,Everton,1,3,2.25,3.43,3.7
3417,2011/10/23,D1,2012,germany,Bayer Leverkusen,Schalke 04,0,1,2.14,3.61,3.78
3418,2011/10/23,I1,2012,italy,Internazionale,Chievo Verona,1,0,1.62,3.85,7.8
3419,2011/10/23,I1,2012,italy,Udinese,Novara,3,0,1.47,4.5,9.6
3420,2011/10/23,SP1,2012,spain,Atletico Madrid,Mallorca,1,1,1.47,4.9,8.4
3421,2011/10/23,E0,2012,england,Arsenal,Stoke City,3,1,1.68,3.95,6.5
3422,2011/10/23,E0,2012,england,QPR,Chelsea,1,0,12,5.4,1.35
3423,2011/10/23,I1,2012,italy,Cagliari,Napoli,0,0,2.72,3.25,3.15
3424,2011/10/23,I1,2012,italy,Bologna,Lazio,0,2,4.2,3.4,2.1
3425,2011/10/23,SP1,2012,spain,Osasuna,Real Zaragoza,3,0,2.15,3.45,4.09
3426,2011/10/23,F1,2012,france,AJ Auxerre,Stade Rennes,0,1,2.86,3.05,3
3427,2011/10/23,SP1,2012,spain,Real Betis,Rayo Vallecano,0,2,1.9,3.65,4.9
3428,2011/10/23,SP1,2012,spain,Real Sociedad,Getafe,0,0,2.35,3.36,3.6
3429,2011/10/23,I1,2012,italy,AS Roma,Palermo,1,0,1.68,4,6.3
3430,2011/10/23,E0,2012,england,Manchester Utd,Manchester City,1,6,2.29,3.35,3.72
3431,2011/10/23,SP1,2012,spain,Villarreal,Levante,0,3,1.97,3.6,4.55
3432,2011/10/23,I1,2012,italy,Lecce,AC Milan,3,4,7.4,4,1.63
3433,2011/10/23,I1,2012,italy,Parma,Atalanta,1,2,2.34,3.2,3.82
3434,2011/10/23,F1,2012,france,Paris Saint-Germain,Dijon FCO,2,0,1.29,5.8,16.53
3435,2011/10/23,SP1,2012,spain,Valencia,Athletic Bilbao,1,1,1.83,3.8,5.2
3436,2011/10/23,D1,2012,germany,Hannover 96,Bayern Munich,2,1,9.64,5.01,1.43
3437,2011/10/23,F1,2012,france,Lille,Lyon,3,1,2.04,3.35,4.59
3438,2011/10/23,E0,2012,england,Blackburn,Tottenham,1,2,4.7,3.85,1.89
3439,2011/10/25,SP1,2012,spain,Sevilla,Racing Santander,2,2,1.5,4.5,8.4
3440,2011/10/25,I1,2012,italy,Juventus,Fiorentina,2,1,1.69,3.65,7.2
3441,2011/10/25,SP1,2012,spain,Granada,Barcelona,0,1,27.63,9,1.17
3442,2011/10/26,I1,2012,italy,AC Milan,Parma,4,1,1.37,5.17,12.65
3443,2011/10/26,I1,2012,italy,Novara,Siena,1,1,2.52,3.2,3.4
3444,2011/10/26,I1,2012,italy,Napoli,Udinese,2,0,1.9,3.36,5.6
3445,2011/10/26,SP1,2012,spain,Real Zaragoza,Valencia,0,1,3.95,3.6,2.15
3446,2011/10/26,SP1,2012,spain,Getafe,Osasuna,2,2,2.1,3.5,4.09
3447,2011/10/26,I1,2012,italy,Atalanta,Internazionale,1,1,3.3,3.3,2.54
3448,2011/10/26,I1,2012,italy,Chievo Verona,Bologna,0,1,2.06,3.2,4.8
3449,2011/10/26,SP1,2012,spain,Rayo Vallecano,Malaga,2,0,2.96,3.45,2.66
3450,2011/10/26,I1,2012,italy,Lazio,Catania,1,1,1.78,3.65,5.9
3451,2011/10/26,I1,2012,italy,Genoa,AS Roma,2,1,2.54,3.25,3.35
3452,2011/10/26,SP1,2012,spain,Mallorca,Sporting Gijon,1,2,2.2,3.45,3.8
3453,2011/10/26,SP1,2012,spain,Real Madrid,Villarreal,3,0,1.13,10,25.17
3454,2011/10/26,SP1,2012,spain,Levante,Real Sociedad,3,2,1.85,3.75,5
3455,2011/10/26,I1,2012,italy,Cesena,Cagliari,1,1,2.88,3.25,2.86
3456,2011/10/27,SP1,2012,spain,Espanyol,Real Betis,1,0,2.08,3.45,4.2
3457,2011/10/27,SP1,2012,spain,Athletic Bilbao,Atletico Madrid,3,0,2.54,3.55,3
3458,2011/10/27,I1,2012,italy,Palermo,Lecce,2,0,1.64,4.08,6.8
3459,2011/10/28,D1,2012,germany,SC Freiburg,Bayer Leverkusen,0,1,3.6,3.65,2.25
3460,2011/10/29,I1,2012,italy,AS Roma,AC Milan,2,3,3.15,3.29,2.6
3461,2011/10/29,SP1,2012,spain,Real Sociedad,Real Madrid,0,1,13.74,6.55,1.29
3462,2011/10/29,F1,2012,france,Paris Saint-Germain,Caen,4,2,1.43,4.8,10
3463,2011/10/29,E0,2012,england,Chelsea,Arsenal,3,5,1.7,4.05,6
3464,2011/10/29,SP1,2012,spain,Valencia,Getafe,3,1,1.58,4.13,7.6
3465,2011/10/29,F1,2012,france,Lyon,St Etienne,2,0,1.8,3.55,6
3466,2011/10/29,D1,2012,germany,Schalke 04,TSG Hoffenheim,3,1,2.09,3.5,4.09
3467,2011/10/29,E0,2012,england,Wigan,Fulham,0,2,3.25,3.42,2.5
3468,2011/10/29,SP1,2012,spain,Barcelona,Mallorca,5,0,1.1,12.95,34
3469,2011/10/29,F1,2012,france,Dijon FCO,Marseille,2,3,5.7,3.6,1.87
3470,2011/10/29,D1,2012,germany,VfL Wolfsburg,Hertha Berlin,2,3,2.31,3.55,3.4
3471,2011/10/29,D1,2012,germany,Bayern Munich,Nurnberg,4,0,1.17,9.19,23
3472,2011/10/29,D1,2012,germany,Borussia Monchengladbach,Hannover 96,2,1,2,3.75,4.28
3473,2011/10/29,E0,2012,england,Everton,Manchester Utd,0,1,4.34,3.59,2.06
3474,2011/10/29,E0,2012,england,West Brom,Liverpool,0,2,3.93,3.5,2.16
3475,2011/10/29,E0,2012,england,Sunderland,Aston Villa,2,2,2.02,3.53,4.4
3476,2011/10/29,E0,2012,england,Swansea,Bolton,3,1,2.1,3.6,4
3477,2011/10/29,SP1,2012,spain,Villarreal,Rayo Vallecano,2,0,2.14,3.4,4.09
3478,2011/10/29,F1,2012,france,Montpellier,AS Nancy Lorraine,2,0,1.65,3.8,7
3479,2011/10/29,E0,2012,england,Norwich City,Blackburn,3,3,2,3.65,4.2
3480,2011/10/29,I1,2012,italy,Catania,Napoli,2,1,3.1,3.16,2.75
3481,2011/10/29,D1,2012,germany,VfB Stuttgart,Borussia Dortmund,1,1,3.86,3.6,2.14
3482,2011/10/29,F1,2012,france,AC Ajaccio,Bordeaux,0,2,4.13,3.45,2.15
3483,2011/10/29,D1,2012,germany,Mainz,Werder Bremen,1,3,2.88,3.6,2.64
3484,2011/10/29,F1,2012,france,Evian Thonon Gaillard,AJ Auxerre,3,1,2.46,3.19,3.55
3485,2011/10/29,I1,2012,italy,Internazionale,Juventus,1,2,2.76,3.25,3.05
3486,2011/10/29,F1,2012,france,Brest,Lorient,3,1,2.84,3.05,3.05
3487,2011/10/29,E0,2012,england,Manchester City,Wolves,3,1,1.18,9.19,22.78
3488,2011/10/30,I1,2012,italy,Cagliari,Lazio,0,3,3.1,3.18,2.72
3489,2011/10/30,E0,2012,england,Tottenham,QPR,3,1,1.42,5.3,9.21
3490,2011/10/30,SP1,2012,spain,Osasuna,Levante,2,0,2.29,3.4,3.65
3491,2011/10/30,F1,2012,france,Valenciennes,Lille,0,0,4.09,3.22,2.22
3492,2011/10/30,I1,2012,italy,Lecce,Novara,1,1,2.18,3.35,4.11
3493,2011/10/30,SP1,2012,spain,Malaga,Espanyol,2,1,1.77,3.9,5.5
3494,2011/10/30,SP1,2012,spain,Sporting Gijon,Athletic Bilbao,1,1,3.1,3.35,2.6
3495,2011/10/30,D1,2012,germany,FC Cologne,FC Augsburg,3,0,2.02,3.65,4.2
3496,2011/10/30,SP1,2012,spain,Racing Santander,Real Betis,1,0,2.48,3.4,3.23
3497,2011/10/30,D1,2012,germany,Hamburg SV,Kaiserslautern,1,1,1.99,3.65,4.4
3498,2011/10/30,I1,2012,italy,Fiorentina,Genoa,1,0,2,3.42,4.74
3499,2011/10/30,F1,2012,france,Toulouse,Stade Rennes,1,0,2.88,3.05,3
3500,2011/10/30,F1,2012,france,Nice,Sochaux,1,1,2.2,3.16,4.21
3501,2011/10/30,I1,2012,italy,Siena,Chievo Verona,4,1,2.21,3.1,4.4
3502,2011/10/30,SP1,2012,spain,Atletico Madrid,Real Zaragoza,3,1,1.39,5.3,10
3503,2011/10/30,I1,2012,italy,Udinese,Palermo,1,0,1.76,3.8,5.9
3504,2011/10/30,I1,2012,italy,Parma,Cesena,2,0,2.02,3.35,4.9
3505,2011/10/30,I1,2012,italy,Bologna,Atalanta,3,1,2.82,3.2,2.96
3506,2011/10/31,E0,2012,england,Stoke City,Newcastle,1,3,2.04,3.38,4.59
3507,2011/10/31,SP1,2012,spain,Sevilla,Granada,1,2,1.41,5.09,10
3508,2011/11/4,D1,2012,germany,Mainz,VfB Stuttgart,3,1,2.6,3.7,2.86
3509,2011/11/5,D1,2012,germany,Borussia Dortmund,VfL Wolfsburg,5,1,1.33,5.83,12.39
3510,2011/11/5,E0,2012,england,Manchester Utd,Sunderland,1,0,1.29,6.2,14
3511,2011/11/5,D1,2012,germany,TSG Hoffenheim,Kaiserslautern,1,1,1.8,3.8,5.3
3512,2011/11/5,E0,2012,england,Aston Villa,Norwich City,3,2,1.91,3.75,4.59
3513,2011/11/5,E0,2012,england,Liverpool,Swansea,0,0,1.31,5.8,14
3514,2011/11/5,E0,2012,england,QPR,Manchester City,2,3,8.85,4.82,1.49
3515,2011/11/5,D1,2012,germany,Werder Bremen,FC Cologne,3,2,1.43,5.4,8.4
3516,2011/11/5,D1,2012,germany,Nurnberg,SC Freiburg,1,2,1.75,4.12,5.23
3517,2011/11/5,D1,2012,germany,Hertha Berlin,Borussia Monchengladbach,1,2,2.44,3.47,3.31
3518,2011/11/5,E0,2012,england,Blackburn,Chelsea,0,1,7,4.5,1.57
3519,2011/11/5,I1,2012,italy,Novara,AS Roma,0,2,3.9,3.6,2.14
3520,2011/11/5,D1,2012,germany,Bayer Leverkusen,Hamburg SV,2,2,1.72,4.09,5.5
3521,2011/11/5,F1,2012,france,Lille,Evian Thonon Gaillard,1,1,1.37,4.9,13.21
3522,2011/11/5,E0,2012,england,Arsenal,West Brom,3,0,1.39,5.4,11.75
3523,2011/11/5,SP1,2012,spain,Real Betis,Malaga,0,0,2.58,3.4,3.1
3524,2011/11/5,SP1,2012,spain,Mallorca,Sevilla,0,0,3.1,3.4,2.59
3525,2011/11/5,E0,2012,england,Newcastle,Everton,2,1,2.56,3.3,3.35
3526,2011/11/5,SP1,2012,spain,Levante,Valencia,0,2,3.2,3.56,2.42
3527,2011/11/5,I1,2012,italy,Palermo,Bologna,3,1,1.75,3.76,6.05
3528,2011/11/6,F1,2012,france,St Etienne,Montpellier,1,1,2.58,3.24,3.35
3529,2011/11/6,D1,2012,germany,Hannover 96,Schalke 04,2,2,2.68,3.45,2.96
3530,2011/11/6,SP1,2012,spain,Real Madrid,Osasuna,7,1,1.09,14.3,34
3531,2011/11/6,F1,2012,france,AS Nancy Lorraine,Brest,2,1,2.4,3.05,4.05
3532,2011/11/6,SP1,2012,spain,Granada,Racing Santander,0,0,2.12,3.41,4.5
3533,2011/11/6,SP1,2012,spain,Real Zaragoza,Sporting Gijon,2,2,2.27,3.4,3.75
3534,2011/11/6,F1,2012,france,AJ Auxerre,Toulouse,2,0,2.38,3.2,3.7
3535,2011/11/6,I1,2012,italy,Cesena,Lecce,0,1,2.04,3.4,4.59
3536,2011/11/6,F1,2012,france,Marseille,Nice,2,0,1.5,4.3,9.5
3537,2011/11/6,I1,2012,italy,Atalanta,Cagliari,1,0,2.24,3.2,4.09
3538,2011/11/6,E0,2012,england,Wolves,Wigan,3,1,2.04,3.61,4.86
3539,2011/11/6,SP1,2012,spain,Athletic Bilbao,Barcelona,2,2,11.5,5.9,1.36
3540,2011/11/6,I1,2012,italy,Udinese,Siena,2,1,1.76,3.7,6.58
3541,2011/11/6,D1,2012,germany,FC Augsburg,Bayern Munich,1,2,22.08,8.8,1.2
3542,2011/11/6,F1,2012,france,Stade Rennes,Valenciennes,1,1,1.86,3.45,5.5
3543,2011/11/6,F1,2012,france,Caen,Dijon FCO,3,0,1.98,3.35,5
3544,2011/11/6,SP1,2012,spain,Getafe,Atletico Madrid,3,2,3.4,3.65,2.27
3545,2011/11/6,I1,2012,italy,AC Milan,Catania,4,0,1.48,4.5,9.86
3546,2011/11/6,F1,2012,france,Sochaux,Lyon,2,1,4.16,3.39,2.25
3547,2011/11/6,E0,2012,england,Fulham,Tottenham,1,3,3.52,3.52,2.38
3548,2011/11/6,SP1,2012,spain,Espanyol,Villarreal,0,0,2.06,3.5,4.5
3549,2011/11/6,F1,2012,france,Lorient,AC Ajaccio,2,0,1.51,4.3,9.42
3550,2011/11/6,I1,2012,italy,Lazio,Parma,1,0,1.65,3.82,7.75
3551,2011/11/6,SP1,2012,spain,Rayo Vallecano,Real Sociedad,4,0,2.18,3.45,3.95
3552,2011/11/6,E0,2012,england,Bolton,Stoke City,5,0,2.69,3.43,3
3553,2011/11/6,F1,2012,france,Bordeaux,Paris Saint-Germain,1,1,3.1,3.11,2.76
3554,2011/11/6,I1,2012,italy,Chievo Verona,Fiorentina,1,0,3.5,3.15,2.56
3555,2011/11/18,F1,2012,france,Toulouse,Lille,0,0,3.22,3.1,2.7
3556,2011/11/18,D1,2012,germany,Kaiserslautern,Bayer Leverkusen,0,2,3.05,3.55,2.52
3557,2011/11/18,F1,2012,france,Lyon,Stade Rennes,1,2,1.95,3.42,5.53
3558,2011/11/19,I1,2012,italy,Napoli,Lazio,0,0,2.12,3.4,5.11
3559,2011/11/19,I1,2012,italy,Fiorentina,AC Milan,0,0,4.24,3.5,2.14
3560,2011/11/19,E0,2012,england,Manchester City,Newcastle,3,1,1.34,5.8,13
3561,2011/11/19,E0,2012,england,Stoke City,QPR,2,3,1.9,3.65,4.9
3562,2011/11/19,SP1,2012,spain,Barcelona,Real Zaragoza,4,0,1.09,15,51
3563,2011/11/19,D1,2012,germany,SC Freiburg,Hertha Berlin,2,2,2.72,3.63,3
3564,2011/11/19,F1,2012,france,Montpellier,Marseille,1,0,3.35,3.2,2.82
3565,2011/11/19,E0,2012,england,Norwich City,Arsenal,1,2,5.6,3.95,1.78
3566,2011/11/19,F1,2012,france,Nice,St Etienne,0,2,2.42,3.11,3.55
3567,2011/11/19,E0,2012,england,Everton,Wolves,2,1,1.65,3.99,6.8
3568,2011/11/19,E0,2012,england,Sunderland,Fulham,0,0,2.5,3.35,3.4
3569,2011/11/19,SP1,2012,spain,Valencia,Real Madrid,2,3,6,4.3,1.85
3570,2011/11/19,F1,2012,france,Evian Thonon Gaillard,Lorient,2,1,2.86,3.1,3.54
3571,2011/11/19,E0,2012,england,West Brom,Bolton,2,1,2.08,3.58,4.19
3572,2011/11/19,SP1,2012,spain,Villarreal,Real Betis,1,0,2.21,3.5,4.09
3573,2011/11/19,D1,2012,germany,Borussia Monchengladbach,Werder Bremen,5,0,2.46,3.6,3.15
3574,2011/11/19,E0,2012,england,Swansea,Manchester Utd,0,1,7.8,4.4,1.62
3575,2011/11/19,D1,2012,germany,VfL Wolfsburg,Hannover 96,4,1,2.63,3.6,3.1
3576,2011/11/19,E0,2012,england,Wigan,Blackburn,3,3,2.63,3.48,3
3577,2011/11/19,I1,2012,italy,Internazionale,Cagliari,2,1,1.64,4.09,7.8
3578,2011/11/19,D1,2012,germany,Schalke 04,Nurnberg,4,0,1.82,3.84,5.14
3579,2011/11/19,F1,2012,france,Dijon FCO,Bordeaux,2,0,3.54,3.2,2.52
3580,2011/11/19,F1,2012,france,AC Ajaccio,Caen,2,2,3.4,3.23,2.54
3581,2011/11/19,D1,2012,germany,Bayern Munich,Borussia Dortmund,0,1,1.65,4.3,6
3582,2011/11/20,F1,2012,france,Brest,Sochaux,2,0,2,3.3,5
3583,2011/11/20,D1,2012,germany,Hamburg SV,TSG Hoffenheim,2,0,2.44,3.65,3.1
3584,2011/11/20,F1,2012,france,Paris Saint-Germain,AS Nancy Lorraine,0,1,1.32,5.3,15.23
3585,2011/11/20,I1,2012,italy,Bologna,Cesena,0,1,2.17,3.25,4.4
3586,2011/11/20,SP1,2012,spain,Sporting Gijon,Getafe,2,1,2.44,3.4,3.3
3587,2011/11/20,I1,2012,italy,Siena,Atalanta,2,2,2.24,3.2,4.09
3588,2011/11/20,I1,2012,italy,Catania,Chievo Verona,1,2,2.16,3.2,4.41
3589,2011/11/20,I1,2012,italy,Genoa,Novara,1,0,1.63,3.95,7
3590,2011/11/20,I1,2012,italy,AS Roma,Lecce,2,1,1.41,5,10
3591,2011/11/20,D1,2012,germany,VfB Stuttgart,FC Augsburg,2,1,1.48,4.9,8.06
3592,2011/11/20,SP1,2012,spain,Osasuna,Rayo Vallecano,0,0,2.24,3.4,3.7
3593,2011/11/20,I1,2012,italy,Juventus,Palermo,3,0,1.42,4.97,10.18
3594,2011/11/20,I1,2012,italy,Parma,Udinese,2,0,2.92,3.2,2.86
3595,2011/11/20,E0,2012,england,Chelsea,Liverpool,1,2,1.9,3.8,4.7
3596,2011/11/20,F1,2012,france,Valenciennes,AJ Auxerre,2,1,2.22,3.1,4.38
3597,2011/11/20,SP1,2012,spain,Atletico Madrid,Levante,3,2,1.61,4.2,6.6
3598,2011/11/20,SP1,2012,spain,Real Sociedad,Espanyol,0,0,2.34,3.45,3.5
3599,2011/11/20,SP1,2012,spain,Sevilla,Athletic Bilbao,1,2,1.99,3.6,4.5
3600,2011/11/21,E0,2012,england,Tottenham,Aston Villa,2,0,1.48,4.8,8.19
3601,2011/11/21,SP1,2012,spain,Racing Santander,Malaga,1,3,3.62,3.4,2.4
3602,2011/11/25,I1,2012,italy,Udinese,AS Roma,2,0,2.46,3.45,3.26
3603,2011/11/25,D1,2012,germany,FC Cologne,Borussia Monchengladbach,0,3,3.85,3.6,2.17
3604,2011/11/26,E0,2012,england,Chelsea,Wolves,3,0,1.22,7.4,20.01
3605,2011/11/26,D1,2012,germany,Nurnberg,Kaiserslautern,1,0,2.06,3.65,4.07
3606,2011/11/26,F1,2012,france,Sochaux,Montpellier,1,3,3.55,3.19,2.46
3607,2011/11/26,I1,2012,italy,Atalanta,Napoli,1,1,3.15,3.2,2.7
3608,2011/11/26,E0,2012,england,Norwich City,QPR,2,1,2.18,3.58,3.75
3609,2011/11/26,D1,2012,germany,FC Augsburg,VfL Wolfsburg,2,0,2.93,3.65,2.56
3610,2011/11/26,E0,2012,england,Manchester Utd,Newcastle,1,1,1.37,5.2,11.93
3611,2011/11/26,E0,2012,england,Stoke City,Blackburn,3,1,1.91,3.97,4.59
3612,2011/11/26,E0,2012,england,Sunderland,Wigan,1,2,1.75,3.98,6.2
3613,2011/11/26,D1,2012,germany,Borussia Dortmund,Schalke 04,2,0,1.73,4.05,5.5
3614,2011/11/26,D1,2012,germany,Hertha Berlin,Bayer Leverkusen,3,3,2.96,3.6,2.56
3615,2011/11/26,SP1,2012,spain,Real Madrid,Atletico Madrid,4,1,1.22,8,17
3616,2011/11/26,I1,2012,italy,Lazio,Juventus,0,1,3.1,3.3,2.65
3617,2011/11/26,F1,2012,france,Lille,Brest,2,0,1.51,4.17,9.6
3618,2011/11/26,E0,2012,england,Arsenal,Fulham,1,1,1.57,4.4,7
3619,2011/11/26,D1,2012,germany,TSG Hoffenheim,SC Freiburg,1,1,1.79,3.99,5.3
3620,2011/11/26,E0,2012,england,West Brom,Tottenham,1,3,4.04,3.7,2.2
3621,2011/11/26,I1,2012,italy,Lecce,Catania,0,1,2.92,3.25,2.84
3622,2011/11/26,E0,2012,england,Bolton,Everton,0,2,3.54,3.46,2.4
3623,2011/11/26,F1,2012,france,AS Nancy Lorraine,Dijon FCO,1,2,2.14,3.24,4.5
3624,2011/11/26,F1,2012,france,Bordeaux,Caen,2,0,1.75,3.65,6.6
3625,2011/11/26,F1,2012,france,Toulouse,Valenciennes,2,0,2.44,3.1,3.7
3626,2011/11/26,F1,2012,france,St Etienne,AC Ajaccio,3,1,1.55,4.09,9.19
3627,2011/11/26,I1,2012,italy,Novara,Parma,2,1,2.9,3.21,2.94
3628,2011/11/26,F1,2012,france,Stade Rennes,Evian Thonon Gaillard,3,2,1.67,3.81,7.2
3629,2011/11/26,D1,2012,germany,Hannover 96,Hamburg SV,1,1,2.4,3.65,3.2
3630,2011/11/26,SP1,2012,spain,Rayo Vallecano,Valencia,1,2,3.45,3.6,2.27
3631,2011/11/26,SP1,2012,spain,Getafe,Barcelona,1,0,17.7,7.28,1.24
3632,2011/11/27,F1,2012,france,AJ Auxerre,Lyon,0,3,3.4,3.16,2.54
3633,2011/11/27,I1,2012,italy,Siena,Internazionale,0,1,3.05,3.2,2.78
3634,2011/11/27,SP1,2012,spain,Real Betis,Real Sociedad,2,3,1.78,3.8,5.6
3635,2011/11/27,SP1,2012,spain,Levante,Sporting Gijon,4,0,2.21,3.35,4.09
3636,2011/11/27,E0,2012,england,Swansea,Aston Villa,0,0,2.31,3.43,3.55
3637,2011/11/27,SP1,2012,spain,Athletic Bilbao,Granada,0,1,1.39,5.28,10.76
3638,2011/11/27,I1,2012,italy,Cesena,Genoa,2,0,2.81,3.2,2.96
3639,2011/11/27,I1,2012,italy,Cagliari,Bologna,1,1,1.84,3.55,5.65
3640,2011/11/27,F1,2012,france,Lorient,Nice,1,0,1.74,3.6,7.25
3641,2011/11/27,SP1,2012,spain,Real Zaragoza,Sevilla,0,1,3.2,3.48,2.46
3642,2011/11/27,I1,2012,italy,AC Milan,Chievo Verona,4,0,1.35,5.4,12.01
3643,2011/11/27,F1,2012,france,Marseille,Paris Saint-Germain,3,0,2.31,3.46,3.6
3644,2011/11/27,E0,2012,england,Liverpool,Manchester City,1,1,2.76,3.45,2.82
3645,2011/11/27,I1,2012,italy,Palermo,Fiorentina,2,0,2.62,3.4,3.12
3646,2011/11/27,SP1,2012,spain,Espanyol,Osasuna,1,2,1.96,3.51,4.7
3647,2011/11/27,D1,2012,germany,Mainz,Bayern Munich,3,2,8.6,5,1.48
3648,2011/11/27,SP1,2012,spain,Mallorca,Racing Santander,2,1,1.83,3.75,5.2
3649,2011/11/27,D1,2012,germany,Werder Bremen,VfB Stuttgart,2,0,2.29,3.67,3.4
3650,2011/11/28,SP1,2012,spain,Malaga,Villarreal,2,1,1.78,3.79,5.7
3651,2011/11/29,I1,2012,italy,Napoli,Juventus,3,3,2.6,3.25,3.2
